Url,Title,Year,Author,Reviewer1,Reviewer2,Reviewer3,Reviewer4,Decision,Publication Title,Item Type,ISBN,ISSN,DOI,Abstract Note,Date,Date Added,Date Modified,Access Date,Pages,Num Pages,Issue,Volume,Number Of Volumes,Journal Abbreviation,Short Title,Series,Series Number,Series Text,Series Title,Publisher,Place,Language,Rights,Type,Archive,Archive Location,Library Catalog,Call Number,Extra,Notes,File Attachments,Link Attachments,Manual Tags,Automatic Tags,Editor,Series Editor,Translator,Contributor,Attorney Agent,Book Author,Cast Member,Commenter,Composer,Cosponsor,Counsel,Interviewer,Producer,Recipient,Reviewed Author,Scriptwriter,Words By,Guest,Number,Edition,Running Time,Scale,Medium,Artwork Size,Filing Date,Application Number,Assignee,Issuing Authority,Country,Meeting Name,Conference Name,Court,References,Reporter,Legal Status,Priority Numbers,Programming Language,Version,System,Code,Code Number,Section,Session,Committee,History,Legislative Body,,Key
https://www.scopus.com/inward/record.uri?eid=2-s2.0-85057285524&doi=10.1016%2fj.anpedi.2018.11.003&partnerID=40&md5=e741a66bf575f092582b43c79fc2eaf2,Plagiarism and predatory journals: A threat to scientific integrity; [El plagio y las revistas depredadoras como amenaza a la integridad científica],2019,"Abad-García, María Francisca",2,2,,,2,Anales de Pediatria,journalArticle,,16954033,10.1016/j.anpedi.2018.11.003,,2019,2024-06-07 14:43:52,2024-06-07 14:43:52,,57.e1 – 57.e8,,1,90,,,,,,,,,,,,,,,,,Publisher: Elsevier Doyma,,,,,,,,,,,,,,,,,,,,,,,,,,,,,,,,,,,,,,,,,,,,,,,,,,,,,FFME5JEQ
https://www.scopus.com/inward/record.uri?eid=2-s2.0-85169301269&doi=10.1002%2fleap.1574&partnerID=40&md5=49521c30fce6b6a1bdc4d05a6e175749,Publication and collaboration anomalies in academic papers originating from a paper mill: Evidence from a Russia-based paper mill,2023,"Abalkina, Anna",2,,2,,2,Learned Publishing,journalArticle,,9531513,10.1002/leap.1574,,2023,2024-06-07 14:43:52,2024-06-07 14:43:52,,689 – 702,,4,36,,,,,,,,,,,,,,,,,Publisher: John Wiley and Sons Inc,,,,,,,,,,,,,,,,,,,,,,,,,,,,,,,,,,,,,,,,,,,,,,,,,,,,,4AE84LBF
https://www.scopus.com/inward/record.uri?eid=2-s2.0-85177730960&doi=10.1002%2fasi.24855&partnerID=40&md5=4b2cdcf54b854ebba15671567d95a991,Challenges posed by hijacked journals in Scopus,2024,"Abalkina, Anna",,,2,2,2,Journal of the Association for Information Science and Technology,journalArticle,,23301635,10.1002/asi.24855,,2024,2024-06-07 14:43:52,2024-06-07 14:43:52,,395 – 422,,4,75,,,,,,,,,,,,,,,,,Publisher: John Wiley and Sons Inc,,,,,,,,,,,,,,,,,,,,,,,,,,,,,,,,,,,,,,,,,,,,,,,,,,,,,U4U7U7X9
https://www.sciencedirect.com/science/article/pii/S1751157721000754,The effects of citation-based research evaluation schemes on self-citation behavior,2021,"Abramo, Giovanni; D'Angelo, Ciriaco Andrea; Grilli, Leonardo",,2,,2,2,Journal of Informetrics,journalArticle,,17511577,10.1016/j.joi.2021.101204,,2021,2024-06-07 14:43:52,2024-06-07 14:43:52,,,,4,15,,,,,,,,,,,,,,,,,Publisher: Elsevier Ltd,,,,,,,,,,,,,,,,,,,,,,,,,,,,,,,,,,,,,,,,,,,,,,,,,,,,,62392PLU
https://www.scopus.com/inward/record.uri?eid=2-s2.0-85139752704&doi=10.12669%2fpjms.38.8.6571&partnerID=40&md5=77f444b3f3d27a2a5029d0ccd6265203,The menace of self citation: An audit of two years from journals of Khyber Pakhtunkhwa,2022,"Ahmed, Mian Saad; Zafar, Umema; Zafar, Hamna; Ullah, Maryam Shahid; Khan, Feroz Ali",,2,2,,2,Pakistan Journal of Medical Sciences,journalArticle,,1682024X,10.12669/pjms.38.8.6571,,2022,2024-06-07 14:43:52,2024-06-07 14:43:52,,1 – 5,,8,38,,,,,,,,,,,,,,,,,Publisher: Professional Medical Publications,,,,,,,,,,,,,,,,,,,,,,,,,,,,,,,,,,,,,,,,,,,,,,,,,,,,,MNL4C8AU
https://www.scopus.com/inward/record.uri?eid=2-s2.0-84944909134&doi=10.2214%2fAJR.15.14979&partnerID=40&md5=944483f55487c752813fd961489314f0,Trend toward an increase in authorship for leading radiology journals,2015,"Baek, Sora; Yoon, Dae Young; Cho, Young Kwon; Yun, Eun Joo; Seo, Young Lan; Lim, Kyoung Ja; Choi, Chul Soon",2,2,,,2,American Journal of Roentgenology,journalArticle,,0361803X,10.2214/AJR.15.14979,,2015,2024-06-07 14:43:53,2024-06-07 14:43:53,,924 – 928,,5,205,,,,,,,,,,,,,,,,,Publisher: American Roentgen Ray Society,,,,,,,,,,,,,,,,,,,,,,,,,,,,,,,,,,,,,,,,,,,,,,,,,,,,,BC5YPVJC
https://www.scopus.com/inward/record.uri?eid=2-s2.0-85160318413&doi=10.1016%2fj.ymthe.2023.05.008&partnerID=40&md5=f703d3ccc3281a00efd48ed9ed63c2b1,Distortion of journal impact factors in the era of paper mills,2023,"Bricker-Anthony, Courtney; Herzog, Roland W.",-1,,,-1,-1,Molecular Therapy,journalArticle,,15250016,10.1016/j.ymthe.2023.05.008,,2023,2024-06-07 14:43:55,2024-06-07 14:43:55,,1503 – 1504,,6,31,,,,,,,,,,,,,,,,,Publisher: Cell Press,,,,,,,,,,,,,,,,,,,,,,,,,,,,,,,,,,,,,,,,,,,,,,,,,,,,,2F9J72Y8
https://www.scopus.com/inward/record.uri?eid=2-s2.0-85126550514&doi=10.1017%2fS1062798722000047&partnerID=40&md5=ecff88ad0f7124b5f8f566058e96ca10,"SCIENTIFIC FRAUD Part II: From Past to Present, Facts and Analyses",2022,"Carafoli, Ernesto; Bucci, Enrico",2,,2,,2,European Review,journalArticle,,10627987,10.1017/S1062798722000047,,2022,2024-06-07 14:43:55,2024-06-07 14:43:55,,850 – 871,,6,30,,,,,,,,,,,,,,,,,Publisher: Cambridge University Press,,,,,,,,,,,,,,,,,,,,,,,,,,,,,,,,,,,,,,,,,,,,,,,,,,,,,F34BXI9V
https://www.scopus.com/inward/record.uri?eid=2-s2.0-85108955210&doi=10.1002%2f1873-3468.14143&partnerID=40&md5=d52aa09c03a1e086248b3869db7061b0,The raw truth about paper mills,2021,"Christopher, Jana",2,,,2,2,FEBS Letters,journalArticle,,145793,10.1002/1873-3468.14143,,2021,2024-06-07 14:43:56,2024-06-07 14:43:56,,1751 – 1757,,13,595,,,,,,,,,,,,,,,,,Publisher: John Wiley and Sons Inc,,,,,,,,,,,,,,,,,,,,,,,,,,,,,,,,,,,,,,,,,,,,,,,,,,,,,VBGYBR4T
https://www.scopus.com/inward/record.uri?eid=2-s2.0-85065507355&doi=10.1002%2fleap.1235&partnerID=40&md5=525205af4235f0a44a8b05252495af55,On the skewness of journal self-citations and publisher self-citations: Cues for discussion from a case study,2019,"Copiello, Sergio",,2,2,,2,Learned Publishing,journalArticle,,9531513,10.1002/leap.1235,,2019,2024-06-07 14:43:56,2024-06-07 14:43:56,,249 – 258,,3,32,,,,,,,,,,,,,,,,,Publisher: Wiley-Blackwell,,,,,,,,,,,,,,,,,,,,,,,,,,,,,,,,,,,,,,,,,,,,,,,,,,,,,Q73XYVBD
https://www.scopus.com/inward/record.uri?eid=2-s2.0-79952639898&doi=10.1345%2faph.1P610&partnerID=40&md5=0af6be018315e8cff882588d3eb91cc8,Authorship and characteristics of articles in pharmacy journals: Changes over a 20-year interval,2011,"Dotson, Bryan; McManus, Kevin P.; Zhao, Jing J.; Whittaker, Peter",2,,,2,2,Annals of Pharmacotherapy,journalArticle,,10600280,10.1345/aph.1P610,,2011,2024-06-07 14:43:57,2024-06-07 14:43:57,,357 – 363,,3,45,,,,,,,,,,,,,,,,,,,,,,,,,,,,,,,,,,,,,,,,,,,,,,,,,,,,,,,,,,,,,,,,,,,,,,679FKV3B
https://www.scopus.com/inward/record.uri?eid=2-s2.0-85081728393&doi=10.3103%2fS0147688219040026&partnerID=40&md5=37848865844a6fe7760da2d7236092b0,Unethical Authorship in Scientific Publications (A Review of the Problem),2019,"Gureev, V. N.; Lakizo, I. G.; Mazov, N. A.",,,2,2,2,Scientific and Technical Information Processing,journalArticle,,1476882,10.3103/S0147688219040026,,2019,2024-06-07 14:43:58,2024-06-07 14:43:58,,219 – 232,,4,46,,,,,,,,,,,,,,,,,Publisher: Pleiades Publishing,,,,,,,,,,,,,,,,,,,,,,,,,,,,,,,,,,,,,,,,,,,,,,,,,,,,,KGQMGB2W
https://www.scopus.com/inward/record.uri?eid=2-s2.0-85126522175&doi=10.1016%2fj.heliyon.2022.e09123&partnerID=40&md5=fdd7ddeb883771634d77a719810eb7fd,Bibliometrics as a promising tool for solving publication ethics issues,2022,"Gureyev, Vadim N.; Mazov, Nikolay A.",,2,,2,2,Heliyon,journalArticle,,24058440,10.1016/j.heliyon.2022.e09123,,2022,2024-06-07 14:43:59,2024-06-07 14:43:59,,,,3,8,,,,,,,,,,,,,,,,,Publisher: Elsevier Ltd,,,,,,,,,,,,,,,,,,,,,,,,,,,,,,,,,,,,,,,,,,,,,,,,,,,,,UG7BR9QC
https://www.scopus.com/inward/record.uri?eid=2-s2.0-85026862589&doi=10.1177%2f0162243917697192&partnerID=40&md5=662c10057c8e0dcf5c9aad68f2f5f118,Authorship Norms and Project Structures in Science,2017,"Jabbehdari, Sahra; Walsh, John P.",2,,2,,2,Science Technology and Human Values,journalArticle,,1622439,10.1177/0162243917697192,,2017,2024-06-07 14:44:00,2024-06-07 14:44:00,,872 – 900,,5,42,,,,,,,,,,,,,,,,,Publisher: SAGE Publications Inc.,,,,,,,,,,,,,,,,,,,,,,,,,,,,,,,,,,,,,,,,,,,,,,,,,,,,,H6WURTRZ
https://www.scopus.com/inward/record.uri?eid=2-s2.0-85183029946&doi=10.1007%2fs11192-024-04928-1&partnerID=40&md5=8152a0cab44ff400ce07a1a8601c726e,"How many authors are (too) many? A retrospective, descriptive analysis of authorship in biomedical publications",2024,"Jakab, Martin; Kittl, Eva; Kiesslich, Tobias",,,2,2,2,Scientometrics,journalArticle,,1389130,10.1007/s11192-024-04928-1,,2024,2024-06-07 14:44:00,2024-06-07 14:44:00,,1299 – 1328,,3,129,,,,,,,,,,,,,,,,,Publisher: Akademiai Kiado ZRt.,,,,,,,,,,,,,,,,,,,,,,,,,,,,,,,,,,,,,,,,,,,,,,,,,,,,,HKWWRGBT
https://www.scopus.com/inward/record.uri?eid=2-s2.0-85190680591&doi=10.1007%2fs11192-024-04963-y&partnerID=40&md5=151c1e7b89ffaf9bceac7a899ffe2892,On the causes and ramifications of multi-authorship in science,2024,"Kuperman, Vadim Y.; Sokol, Gerald H.",,2,,2,2,Scientometrics,journalArticle,,1389130,10.1007/s11192-024-04963-y,,2024,2024-06-07 14:44:01,2024-06-07 14:44:01,,,,,,,,,,,,,,,,,,,,,,Publisher: Akademiai Kiado ZRt.,,,,,,,,,,,,,,,,,,,,,,,,,,,,,,,,,,,,,,,,,,,,,,,,,,,,,J2M2RWDM
https://www.scopus.com/inward/record.uri?eid=2-s2.0-24944574442&doi=10.1136%2fjme.2004.010553&partnerID=40&md5=7d4c1f0119a3e29e907c8ab7a00a5917,The White Bull effect: Abusive coauthorship and publication parasitism,2005,"Kwok, L. S.",2,2,,,2,Journal of Medical Ethics,journalArticle,,3066800,10.1136/jme.2004.010553,,2005,2024-06-07 14:44:01,2024-06-07 14:44:01,,554 – 556,,9,31,,,,,,,,,,,,,,,,,,,,,,,,,,,,,,,,,,,,,,,,,,,,,,,,,,,,,,,,,,,,,,,,,,,,,,DKXVMS7Z
https://www.scopus.com/inward/record.uri?eid=2-s2.0-85045377690&partnerID=40&md5=cd7813ab839053e366b70cab5bab2383,Trends in gaming indicators: On failed attempts at deception and their computerised detection,2018,"Labbé, Cyril",2,,2,,2,CEUR Workshop Proceedings,conferencePaper,,,,,2018,2024-06-07 14:44:01,2024-06-07 14:44:01,,6 – 15,,,2080,,,,,,,,CEUR-WS,,,,,,,,,ISSN: 16130073,,,,,,"P, Mayr; G, Cabanac; I, Frommholz",,,,,,,,,,,,,,,,,,,,,,,,,,,,,,,,,,,,,,,,,,,,,,,VKWKXA2L
https://www.scopus.com/inward/record.uri?eid=2-s2.0-2342482996&doi=10.1080%2f08035250410029128&partnerID=40&md5=93d35fa761414af817bd02f858db677b,Up for grabs - Authors are a dime a dozen: The problem of multiple authors,2004,"Lazar, R.",2,2,,,2,"Acta Paediatrica, International Journal of Paediatrics",journalArticle,,8035253,10.1080/08035250410029128,,2004,2024-06-07 14:44:02,2024-06-07 14:44:02,,589 – 591,,5,93,,,,,,,,,,,,,,,,,,,,,,,,,,,,,,,,,,,,,,,,,,,,,,,,,,,,,,,,,,,,,,,,,,,,,,EJIPJ85P
https://www.scopus.com/inward/record.uri?eid=2-s2.0-85171571113&doi=10.1021%2facs.jnatprod.3c00165&partnerID=40&md5=d9a598a1211858a2e70f59e0620e6f9d,The Ethics of Publishing Biomedical and Natural Products Research,2023,"McAlpine, James B.; Ferreira, Daneel; Pauli, Neil E.; Gafner, Stefan; Pauli, Guido F.",,2,,2,2,Journal of Natural Products,journalArticle,,1633864,10.1021/acs.jnatprod.3c00165,,2023,2024-06-07 14:44:03,2024-06-07 14:44:03,,2228 – 2237,,9,86,,,,,,,,,,,,,,,,,Publisher: American Chemical Society,,,,,,,,,,,,,,,,,,,,,,,,,,,,,,,,,,,,,,,,,,,,,,,,,,,,,ARWVGGPM
https://www.scopus.com/inward/record.uri?eid=2-s2.0-77957947541&doi=10.4065%2fmcp.2010.0291&partnerID=40&md5=e7b166b7f4bfc8e58e607adee440f48e,Effects of author contribution disclosures and numeric limitations on authorship trends,2010,"McDonald, Robert J.; Neff, Kevin L.; Rethlefsen, Melissa L.; Kallmes, David F.",2,2,,,2,Mayo Clinic Proceedings,journalArticle,,256196,10.4065/mcp.2010.0291,,2010,2024-06-07 14:44:03,2024-06-07 14:44:03,,920 – 927,,10,85,,,,,,,,,,,,,,,,,Publisher: Elsevier Ltd,,,,,,,,,,,,,,,,,,,,,,,,,,,,,,,,,,,,,,,,,,,,,,,,,,,,,LYL8AIRY
https://www.scopus.com/inward/record.uri?eid=2-s2.0-85122938053&doi=10.1177%2f17470161211068745&partnerID=40&md5=c5249f3cb519395af6ac50a59d5d2716,Scientific journals must be alert to potential manipulation in citations and referencing,2022,"Mehregan, Mina",2,,2,,2,Research Ethics,journalArticle,,17470161,10.1177/17470161211068745,,2022,2024-06-07 14:44:04,2024-06-07 14:44:04,,163 – 168,,2,18,,,,,,,,,,,,,,,,,Publisher: SAGE Publications Ltd,,,,,,,,,,,,,,,,,,,,,,,,,,,,,,,,,,,,,,,,,,,,,,,,,,,,,QXNFVMDX
https://www.scopus.com/inward/record.uri?eid=2-s2.0-85073920095&doi=10.1007%2fs11233-019-09026-z&partnerID=40&md5=db26d17d910bba480515a05fc8670abf,"Academic metrics and the community engagement of tertiary education institutions: emerging issues in gaming, manipulation, and trust",2020,"Oravec, Jo Ann",,2,2,,2,Tertiary Education and Management,journalArticle,,13583883,10.1007/s11233-019-09026-z,,2020,2024-06-07 14:44:05,2024-06-07 14:44:05,,5 – 17,,1,26,,,,,,,,,,,,,,,,,Publisher: Springer,,,,,,,,,,,,,,,,,,,,,,,,,,,,,,,,,,,,,,,,,,,,,,,,,,,,,QHK64SVP
https://www.scopus.com/inward/record.uri?eid=2-s2.0-85059877642&doi=10.3346%2fjkms.2019.34.e6&partnerID=40&md5=dab5506cae8516cfebb9632bbdffce13,Fake peer review and inappropriate authorship are real evils,2019,"Rivera, Horacio",,2,,2,2,Journal of Korean Medical Science,journalArticle,,10118934,10.3346/jkms.2019.34.e6,,2019,2024-06-07 14:44:06,2024-06-07 14:44:06,,,,2,34,,,,,,,,,,,,,,,,,Publisher: Korean Academy of Medical Science,,,,,,,,,,,,,,,,,,,,,,,,,,,,,,,,,,,,,,,,,,,,,,,,,,,,,PZXNR5TG
https://www.scopus.com/inward/record.uri?eid=2-s2.0-85091474432&doi=10.1136%2fbmjopen-2020-036899&partnerID=40&md5=052d09808f320664f9c8732751e9af13,"Awareness, usage and perceptions of authorship guidelines: An international survey of biomedical authors",2020,"Schroter, Sara; Montagni, Ilaria; Loder, Elizabeth; Eikermann, M.; Schäffner, Elke; Kurth, Tobias",,,2,2,2,BMJ Open,journalArticle,,20446055,10.1136/bmjopen-2020-036899,,2020,2024-06-07 14:44:07,2024-06-07 14:44:07,,,,9,10,,,,,,,,,,,,,,,,,Publisher: BMJ Publishing Group,,,,,,,,,,,,,,,,,,,,,,,,,,,,,,,,,,,,,,,,,,,,,,,,,,,,,HSAUT8Y8
https://www.scopus.com/inward/record.uri?eid=2-s2.0-84903270598&doi=10.1186%2f1472-6939-15-42&partnerID=40&md5=b437fe7b651502a2a75213974565fee0,Authorship ethics in global health research partnerships between researchers from low or middle income countries and high income countries,2014,"Smith, Elise; Hunt, Matthew; Master, Zubin",2,2,2,,2,BMC Medical Ethics,journalArticle,,14726939,10.1186/1472-6939-15-42,,2014,2024-06-07 14:44:07,2024-06-07 14:44:07,,,,1,15,,,,,,,,,,,,,,,,,Publisher: BioMed Central Ltd.,,,,,,,,,,,,,,,,,,,,,,,,,,,,,,,,,,,,,,,,,,,,,,,,,,,,,M5LNQSHK
https://www.scopus.com/inward/record.uri?eid=2-s2.0-85130295155&doi=10.1016%2fj.joi.2022.101294&partnerID=40&md5=598864c2bf3fd815c30660fe154ee5ef,Disturbance of questionable publishing to academia,2022,"You, Taekho; Park, Jinseo; Lee, June Young; Yun, Jinhyuk; Jung, Woo-Sung",,2,2,-1,2,Journal of Informetrics,journalArticle,,17511577,10.1016/j.joi.2022.101294,,2022,2024-06-07 14:44:10,2024-06-07 14:44:10,,,,2,16,,,,,,,,,,,,,,,,,Publisher: Elsevier Ltd,,,,,,,,,,,,,,,,,,,,,,,,,,,,,,,,,,,,,,,,,,,,,,,,,,,,,TVMXUUF2
https://www.scopus.com/inward/record.uri?eid=2-s2.0-84875230376&doi=10.1016%2fj.respol.2012.09.009&partnerID=40&md5=122d112db3c01b7143dcfda05b08d343,Credit where credit is due? the impact of project contributions and social factors on authorship and inventorship,2013,"Haeussler, Carolin; Sauermann, Henry",2,2,,,2,Research Policy,journalArticle,,487333,10.1016/j.respol.2012.09.009,,2013,2024-06-07 14:43:59,2024-06-07 14:43:59,,688 – 703,,3,42,,,,,,,,,,,,,,,,,Publisher: Elsevier B.V.,,,,,,,,,,,,,,,,,,,,,,,,,,,,,,,,,,,,,,,,,,,,,,,,,,,,,YJAKCINS
https://www.scopus.com/inward/record.uri?eid=2-s2.0-85072146726&doi=10.1371%2fjournal.pone.0221212&partnerID=40&md5=3503b35ccfe00498cbb38023b47f5c7f,Citation gaming induced by bibliometric evaluation: A country-level comparative analysis,2019,"Baccini, Alberto; Nicolao, Giuseppe De; Petrovich, Eugenio",2,,,2,2,PLoS ONE,journalArticle,,19326203,10.1371/journal.pone.0221212,,2019,2024-06-07 14:43:53,2024-06-07 14:43:53,,,,9,14,,,,,,,,,,,,,,,,,Publisher: Public Library of Science,,,,,,,,,,,,,,,,,,,,,,,,,,,,,,,,,,,,,,,,,,,,,,,,,,,,,VFZQWMWX
https://www.scopus.com/inward/record.uri?eid=2-s2.0-85181251791&doi=10.1371%2fjournal.pone.0294669&partnerID=40&md5=f0288f28442b5b5a47ccf34ce3ae7409,A global exploratory comparison of country self-citations 1996-2019,2023,"Baccini, Alberto; Petrovich, Eugenio",,,2,2,2,PLoS ONE,journalArticle,,19326203,10.1371/journal.pone.0294669,,2023,2024-06-07 14:43:53,2024-06-07 14:43:53,,,,12 December,18,,,,,,,,,,,,,,,,,Publisher: Public Library of Science,,,,,,,,,,,,,,,,,,,,,,,,,,,,,,,,,,,,,,,,,,,,,,,,,,,,,WBYFS29V
https://www.scopus.com/inward/record.uri?eid=2-s2.0-85134371054&doi=10.1177%2f01622439221112463&partnerID=40&md5=21b9ce8f9a489559c467c8de4b349ba0,"Scholarly Publishing, Boundary Processes, and the Problem of Fake Peer Reviews",2024,"Bell, Kirsten; Kingori, Patricia; Mills, David",2,2,,,2,Science Technology and Human Values,journalArticle,,1622439,10.1177/01622439221112463,,2024,2024-06-07 14:43:54,2024-06-07 14:43:54,,78 – 104,,1,49,,,,,,,,,,,,,,,,,Publisher: SAGE Publications Inc.,,,,,,,,,,,,,,,,,,,,,,,,,,,,,,,,,,,,,,,,,,,,,,,,,,,,,F2JMFYI7
https://www.scopus.com/inward/record.uri?eid=2-s2.0-85065221357&doi=10.1016%2fj.trechm.2019.02.005&partnerID=40&md5=1aaf5595f1f33535c044b1838ae1c7f0,Plagiarizing Names?,2019,"Biagioli, Mario",2,,2,,2,Trends in Chemistry,journalArticle,,25895974,10.1016/j.trechm.2019.02.005,,2019,2024-06-07 14:43:54,2024-06-07 14:43:54,,3 – 5,,1,1,,,,,,,,,,,,,,,,,Publisher: Cell Press,,,,,,,,,,,,,,,,,,,,,,,,,,,,,,,,,,,,,,,,,,,,,,,,,,,,,3A5FM8J4
https://www.scopus.com/inward/record.uri?eid=2-s2.0-85079748524&doi=10.1002%2f1873-3468.13747&partnerID=40&md5=4cad4a54dedbf76286410063e250d418,"Digital magic, or the dark arts of the 21st century—how can journals and peer reviewers detect manuscripts and publications from paper mills?",2020,"Byrne, Jennifer A.; Christopher, Jana",2,2,,,2,FEBS Letters,journalArticle,,145793,10.1002/1873-3468.13747,,2020,2024-06-07 14:43:55,2024-06-07 14:43:55,,583 – 589,,4,594,,,,,,,,,,,,,,,,,Publisher: Wiley Blackwell,,,,,,,,,,,,,,,,,,,,,,,,,,,,,,,,,,,,,,,,,,,,,,,,,,,,,87J524YB
https://www.scopus.com/inward/record.uri?eid=2-s2.0-84940720659&doi=10.1007%2fs12210-015-0415-4&partnerID=40&md5=118dd8a48ed8a0329f9ee23310ce4090,Scientific misconduct: the dark side of science,2015,"Carafoli, Ernesto",2,,,2,2,Rendiconti Lincei,journalArticle,,20374631,10.1007/s12210-015-0415-4,,2015,2024-06-07 14:43:55,2024-06-07 14:43:55,,369 – 382,,3,26,,,,,,,,,,,,,,,,,Publisher: Springer-Verlag Italia s.r.l.,,,,,,,,,,,,,,,,,,,,,,,,,,,,,,,,,,,,,,,,,,,,,,,,,,,,,XLGYVTDH
https://www.scopus.com/inward/record.uri?eid=2-s2.0-85125611772&doi=10.1371%2fjournal.pone.0255334&partnerID=40&md5=8f247688ee6bbd4723dcd34665a3915c,Do individual and institutional predictors of misconduct vary by country? Results of a matched-control analysis of problematic image duplications,2022,"Fanelli, Daniele; Schleicher, Matteo; Fang, Ferric C.; Casadevall, Arturo; Bik, Elisabeth M.",2,2,,,2,PLoS ONE,journalArticle,,19326203,10.1371/journal.pone.0255334,,2022,2024-06-07 14:43:57,2024-06-07 14:43:57,,,,3 March,17,,,,,,,,,,,,,,,,,Publisher: Public Library of Science,,,,,,,,,,,,,,,,,,,,,,,,,,,,,,,,,,,,,,,,,,,,,,,,,,,,,PDSTHYBT
https://www.scopus.com/inward/record.uri?eid=2-s2.0-56849108799&doi=10.1111%2fj.1553-2712.2008.00239.x&partnerID=40&md5=a54d33ffc91c869d51aba760e0fcc7e7,The ethical assignment of authorship in scientific publications: Issues and guidelines,2008,"Feeser, V. Ramana; Simon, Jeremy R.",,2,2,,2,Academic Emergency Medicine,journalArticle,,10696563,10.1111/j.1553-2712.2008.00239.x,,2008,2024-06-07 14:43:57,2024-06-07 14:43:57,,963 – 969,,10,15,,,,,,,,,,,,,,,,,,,,,,,,,,,,,,,,,,,,,,,,,,,,,,,,,,,,,,,,,,,,,,,,,,,,,,HMGZLXAR
https://www.scopus.com/inward/record.uri?eid=2-s2.0-85067287872&doi=10.1093%2fgigascience%2fgiz053&partnerID=40&md5=a833dac423cc40f057009eb029be3dcf,Over-optimization of academic publishing metrics: Observing Goodhart's Law in action,2019,"Fire, Michael; Guestrin, Carlos",,2,,2,2,GigaScience,journalArticle,,2047217X,10.1093/gigascience/giz053,,2019,2024-06-07 14:43:57,2024-06-07 14:43:57,,,,6,8,,,,,,,,,,,,,,,,,Publisher: Oxford University Press,,,,,,,,,,,,,,,,,,,,,,,,,,,,,,,,,,,,,,,,,,,,,,,,,,,,,EZUFJWRQ
https://www.scopus.com/inward/record.uri?eid=2-s2.0-85032435004&doi=10.5152%2fIAO.2017.31013&partnerID=40&md5=9bc1bc9892ed58fd70eb9a42b85996c2,The problem of gift and honorary authorship - Who is an author?,2016,"Gadre, Arun K.",-1,,-1,,-1,Journal of International Advanced Otology,journalArticle,,13087649,10.5152/IAO.2017.31013,,2016,2024-06-07 14:43:58,2024-06-07 14:43:58,,12 – 13,,3,12,,,,,,,,,,,,,,,,,Publisher: Mediterranean Society of Otology and Audiology,,,,,,,,,,,,,,,,,,,,,,,,,,,,,,,,,,,,,,,,,,,,,,,,,,,,,PTZRUR5K
https://www.scopus.com/inward/record.uri?eid=2-s2.0-85075400190&doi=10.1016%2fj.joi.2019.100980&partnerID=40&md5=9cc1d48d183675078f650bd60434342a,Measuring dissatisfaction with coauthorship: An empirical approach based on the researchers' perception,2019,"Gómez-Ferri, Javier; González-Alcaide, Gregorio; Llopis-Goig, Ramón",,,2,2,2,Journal of Informetrics,journalArticle,,17511577,10.1016/j.joi.2019.100980,,2019,2024-06-07 14:43:58,2024-06-07 14:43:58,,,,4,13,,,,,,,,,,,,,,,,,Publisher: Elsevier Ltd,,,,,,,,,,,,,,,,,,,,,,,,,,,,,,,,,,,,,,,,,,,,,,,,,,,,,T5Y44UE9
https://www.scopus.com/inward/record.uri?eid=2-s2.0-33846554086&partnerID=40&md5=9dcd1aa5f8f7b875a124a34e4434ebe9,Limiting authorship in Indian pediatrics: An initiative to curb gift authorship,2007,"Gupta, Piyush; Sharma, Bhawna; Choudhury, Panna",2,,2,,2,Indian Pediatrics,journalArticle,,196061,,,2007,2024-06-07 14:43:58,2024-06-07 14:43:58,,37 – 39,,1,44,,,,,,,,,,,,,,,,,,,,,,,,,,,,,,,,,,,,,,,,,,,,,,,,,,,,,,,,,,,,,,,,,,,,,,7P3VETCL
https://www.scopus.com/inward/record.uri?eid=2-s2.0-84993925011&doi=10.1111%2fjnc.13550&partnerID=40&md5=90006cad3647cc985cfdf2d728da3f2f,"The challenges for scientific publishing, 60 years on",2016,"Hausmann, Laura; Murphy, Sean P.",,2,2,,2,Journal of Neurochemistry,journalArticle,,223042,10.1111/jnc.13550,,2016,2024-06-07 14:43:59,2024-06-07 14:43:59,,280 – 287,,,139,,,,,,,,,,,,,,,,,Publisher: Blackwell Publishing Ltd,,,,,,,,,,,,,,,,,,,,,,,,,,,,,,,,,,,,,,,,,,,,,,,,,,,,,F67GXW35
https://www.scopus.com/inward/record.uri?eid=2-s2.0-85130428717&doi=10.1007%2fs11948-021-00352-3&partnerID=40&md5=9551a3830d714575f8a4cb18a93bc523,An Ethical Exploration of Increased Average Number of Authors Per Publication,2022,"Hosseini, Mohammad; Lewis, Jonathan; Zwart, Hub; Gordijn, Bert",,2,,2,2,Science and Engineering Ethics,journalArticle,,13533452,10.1007/s11948-021-00352-3,,2022,2024-06-07 14:43:59,2024-06-07 14:43:59,,,,3,28,,,,,,,,,,,,,,,,,Publisher: Springer Science and Business Media B.V.,,,,,,,,,,,,,,,,,,,,,,,,,,,,,,,,,,,,,,,,,,,,,,,,,,,,,6BSJCQJR
https://www.scopus.com/inward/record.uri?eid=2-s2.0-85126559098&doi=10.1016%2fj.jemep.2021.100735&partnerID=40&md5=d6c422261e026d446cf2318555f9a47e,"Losing young researchers in the authorship battle, under-reported casualties",2022,"Khalifa, A. A.",2,2,,,2,"Ethics, Medicine and Public Health",journalArticle,,23525533,10.1016/j.jemep.2021.100735,,2022,2024-06-07 14:44:01,2024-06-07 14:44:01,,,,,20,,,,,,,,,,,,,,,,,Publisher: Elsevier Masson s.r.l.,,,,,,,,,,,,,,,,,,,,,,,,,,,,,,,,,,,,,,,,,,,,,,,,,,,,,EC2XASPH
https://www.scopus.com/inward/record.uri?eid=2-s2.0-85122237804&doi=10.1016%2fj.respol.2021.104466&partnerID=40&md5=040c6cfbf0dbe5480352309dd4b31095,The vexing but persistent problem of authorship misconduct in research,2022,"Khezr, Peyman; Mohan, Vijay",,2,2,,2,Research Policy,journalArticle,,487333,10.1016/j.respol.2021.104466,,2022,2024-06-07 14:44:01,2024-06-07 14:44:01,,,,3,51,,,,,,,,,,,,,,,,,Publisher: Elsevier B.V.,,,,,,,,,,,,,,,,,,,,,,,,,,,,,,,,,,,,,,,,,,,,,,,,,,,,,BW4QUGSV
https://www.scopus.com/inward/record.uri?eid=2-s2.0-85115835046&doi=10.1007%2fs11192-021-04139-y&partnerID=40&md5=9721be04db80761d723ec95f2374fe7b,Managing publication change at Al-Farabi Kazakh National University: a case study,2022,"Kudaibergenova, Renata; Uzakbay, Sandugash; Makanova, Asselya; Ramadinkyzy, Kymbat; Kistaubayev, Erlan; Dussekeev, Ruslan; Smagulov, Kadyrzhan",2,,2,,2,Scientometrics,journalArticle,,1389130,10.1007/s11192-021-04139-y,,2022,2024-06-07 14:44:01,2024-06-07 14:44:01,,453 – 479,,1,127,,,,,,,,,,,,,,,,,Publisher: Springer Science and Business Media B.V.,,,,,,,,,,,,,,,,,,,,,,,,,,,,,,,,,,,,,,,,,,,,,,,,,,,,,TZN3ABX8
https://www.scopus.com/inward/record.uri?eid=2-s2.0-85147686892&doi=10.1177%2f05390184221142218&partnerID=40&md5=27f07db690f3dbfc24ff1058da4973f6,The gaming of citation and authorship in academic journals: a warning from medicine,2022,"Macdonald, Stuart",2,,2,,2,Social Science Information,journalArticle,,5390184,10.1177/05390184221142218,,2022,2024-06-07 14:44:03,2024-06-07 14:44:03,,457 – 480,,4,61,,,,,,,,,,,,,,,,,Publisher: SAGE Publications Ltd,,,,,,,,,,,,,,,,,,,,,,,,,,,,,,,,,,,,,,,,,,,,,,,,,,,,,S8MS4MLA
https://www.scopus.com/inward/record.uri?eid=2-s2.0-85056353768&doi=10.3346%2fjkms.2018.33.e287&partnerID=40&md5=846782e57e865383ee8de8e45a9a78e2,Integrity of authorship and peer review practices: Challenges and opportunities for improvement,2018,"Misra, Durga Prasanna; Ravindran, Vinod; Agarwal, Vikas",2,2,,,2,Journal of Korean Medical Science,journalArticle,,10118934,10.3346/jkms.2018.33.e287,,2018,2024-06-07 14:44:04,2024-06-07 14:44:04,,,,46,33,,,,,,,,,,,,,,,,,Publisher: Korean Academy of Medical Science,,,,,,,,,,,,,,,,,,,,,,,,,,,,,,,,,,,,,,,,,,,,,,,,,,,,,L5CIGE6T
https://www.scopus.com/inward/record.uri?eid=2-s2.0-85153687122&doi=10.1097%2fSAP.0000000000003438&partnerID=40&md5=32166430e05c3b5d1e4bac436192d6a4,How Many Plastic Surgeons Does It Take to Write an Article? A 10-Year Bibliometric Analysis of Authorship Inflation,2023,"Ngaage, Ledibabari Mildred; Ketheeswaran, Suvethavarshini; Shores, Jaimie T.",2,,,2,2,Annals of Plastic Surgery,journalArticle,,1487043,10.1097/SAP.0000000000003438,,2023,2024-06-07 14:44:04,2024-06-07 14:44:04,,275 – 280,,4,90,,,,,,,,,,,,,,,,,Publisher: Lippincott Williams and Wilkins,,,,,,,,,,,,,,,,,,,,,,,,,,,,,,,,,,,,,,,,,,,,,,,,,,,,,P25VV4ET
https://www.scopus.com/inward/record.uri?eid=2-s2.0-85072535361&doi=10.1016%2fj.joi.2019.100974&partnerID=40&md5=a4bbe3bccb28fb1d5cdca0b0cf48cba7,Megajournal mismanagement: Manuscript decision bias and anomalous editor activity at PLOS ONE,2019,"Petersen, Alexander M.",2,2,,,2,Journal of Informetrics,journalArticle,,17511577,10.1016/j.joi.2019.100974,,2019,2024-06-07 14:44:05,2024-06-07 14:44:05,,,,4,13,,,,,,,,,,,,,,,,,Publisher: Elsevier Ltd,,,,,,,,,,,,,,,,,,,,,,,,,,,,,,,,,,,,,,,,,,,,,,,,,,,,,RYBE9BSA
https://www.scopus.com/inward/record.uri?eid=2-s2.0-85129998040&doi=10.1371%2fjournal.pone.0267312&partnerID=40&md5=00fa115fa6f80548043ca26672b43371,And the credit goes to . . . - Ghost and honorary authorship among social scientists,2022,"Pruschak, Gernot; Hopp, Christian",,2,2,,2,PLoS ONE,journalArticle,,19326203,10.1371/journal.pone.0267312,,2022,2024-06-07 14:44:06,2024-06-07 14:44:06,,,,5 May,17,,,,,,,,,,,,,,,,,Publisher: Public Library of Science,,,,,,,,,,,,,,,,,,,,,,,,,,,,,,,,,,,,,,,,,,,,,,,,,,,,,ARYJZRKU
https://www.scopus.com/inward/record.uri?eid=2-s2.0-85038852659&doi=10.1016%2fj.respol.2017.12.004&partnerID=40&md5=005d6ca91d4647c27f4d452c155bdc92,Self-citations as strategic response to the use of metrics for career decisions,2019,"Seeber, Marco; Cattaneo, Mattia; Meoli, Michele; Malighetti, Paolo",2,2,,,2,Research Policy,journalArticle,,487333,10.1016/j.respol.2017.12.004,,2019,2024-06-07 14:44:07,2024-06-07 14:44:07,,478 – 491,,2,48,,,,,,,,,,,,,,,,,Publisher: Elsevier B.V.,,,,,,,,,,,,,,,,,,,,,,,,,,,,,,,,,,,,,,,,,,,,,,,,,,,,,YNNP9ZAL
https://www.scopus.com/inward/record.uri?eid=2-s2.0-32644433460&doi=10.1007%2fs11948-006-0006-y&partnerID=40&md5=c3641f7dbbe817e82cc5e5e25f1340cf,"Fostering integrity in research: Definitions, current knowledge, and future directions",2006,"Steneck, Nicholas H.",,,2,2,2,Science and Engineering Ethics,journalArticle,,13533452,10.1007/s11948-006-0006-y,,2006,2024-06-07 14:44:08,2024-06-07 14:44:08,,53 – 74,,1,12,,,,,,,,,,,,,,,,,,,,,,,,,,,,,,,,,,,,,,,,,,,,,,,,,,,,,,,,,,,,,,,,,,,,,,QDLDXKVB
https://www.scopus.com/inward/record.uri?eid=2-s2.0-85042913107&doi=10.1007%2fs11948-018-0040-6&partnerID=40&md5=cb041ef76837748aefcaf900374e26b1,Retracted Publications in the Biomedical Literature from Open Access Journals,2019,"Wang, Tao; Xing, Qin-Rui; Wang, Hui; Chen, Wei",,2,,2,2,Science and Engineering Ethics,journalArticle,,13533452,10.1007/s11948-018-0040-6,,2019,2024-06-07 14:44:09,2024-06-07 14:44:09,,855 – 868,,3,25,,,,,,,,,,,,,,,,,Publisher: Springer Netherlands,,,,,,,,,,,,,,,,,,,,,,,,,,,,,,,,,,,,,,,,,,,,,,,,,,,,,JJKZ6RKW
https://www.scopus.com/inward/record.uri?eid=2-s2.0-85177688892&doi=10.1007%2fs00210-023-02850-6&partnerID=40&md5=f3362e9ad71de457c65a33592df8ab66,Metadata analysis of retracted fake papers in Naunyn-Schmiedeberg’s Archives of Pharmacology,2023,"Wittau, Jonathan; Seifert, Roland",2,,2,,2,Naunyn-Schmiedeberg's Archives of Pharmacology,journalArticle,,281298,10.1007/s00210-023-02850-6,,2023,2024-06-07 14:44:10,2024-06-07 14:44:10,,,,,,,,,,,,,,,,,,,,,,Publisher: Springer Science and Business Media Deutschland GmbH,,,,,,,,,,,,,,,,,,,,,,,,,,,,,,,,,,,,,,,,,,,,,,,,,,,,,3ARDSKQ5
https://www.scopus.com/inward/record.uri?eid=2-s2.0-85137559311&doi=10.1007%2fs11192-022-04503-6&partnerID=40&md5=1d274a639c158dbd77a710cfdbb8c556,Detecting anomalous referencing patterns in PubMed papers suggestive of author-centric reference list manipulation,2022,"Wren, Jonathan D.; Georgescu, Constantin",2,,,2,2,Scientometrics,journalArticle,,1389130,10.1007/s11192-022-04503-6,,2022,2024-06-07 14:44:10,2024-06-07 14:44:10,,,,,,,,,,,,,,,,,,,,,,Publisher: Akademiai Kiado ZRt.,,,,,,,,,,,,,,,,,,,,,,,,,,,,,,,,,,,,,,,,,,,,,,,,,,,,,U92V25A9
,Publication games: In the web of reciprocity,,,2,,,2,2,,,,,,,,,,,,,,,,,,,,,,,,,,,,,,,,,,,,,,,,,,,,,,,,,,,,,,,,,,,,,,,,,,,,,,,,,,,,,,,,,,,,
,Hyperauthorship: A comparative study of genetics and high-energy physics research,,,2,,,2,2,,,,,,,,,,,,,,,,,,,,,,,,,,,,,,,,,,,,,,,,,,,,,,,,,,,,,,,,,,,,,,,,,,,,,,,,,,,,,,,,,,,,
,Hyperauthorship: A postmodern perversion or evidence of a structural shift in scholarly communication practices?,,,2,,,2,2,,,,,,,,,,,,,,,,,,,,,,,,,,,,,,,,,,,,,,,,,,,,,,,,,,,,,,,,,,,,,,,,,,,,,,,,,,,,,,,,,,,,
,The pressure to publish more and the scope of predatory publishing activities,,,2,,,2,2,,,,,,,,,,,,,,,,,,,,,,,,,,,,,,,,,,,,,,,,,,,,,,,,,,,,,,,,,,,,,,,,,,,,,,,,,,,,,,,,,,,,
,Perceptions of Chinese Biomedical Researchers Towards Academic Misconduct: A Comparison Between 2015 and 2010,,,2,,,2,2,,,,,,,,,,,,,,,,,,,,,,,,,,,,,,,,,,,,,,,,,,,,,,,,,,,,,,,,,,,,,,,,,,,,,,,,,,,,,,,,,,,,
,Science in the trap of fraud and corruption,,,2,,,2,2,,,,,,,,,,,,,,,,,,,,,,,,,,,,,,,,,,,,,,,,,,,,,,,,,,,,,,,,,,,,,,,,,,,,,,,,,,,,,,,,,,,,
,Detection of inappropriate types of authorship using bibliometric approaches,,,2,,,2,2,,,,,,,,,,,,,,,,,,,,,,,,,,,,,,,,,,,,,,,,,,,,,,,,,,,,,,,,,,,,,,,,,,,,,,,,,,,,,,,,,,,,
,The ethical issue of honorary authorship and its ramifications in the current scientific environment; [La cuestión ética de la autoría honoraria y sus ramificaciones en el entorno científico actual],,,-1,,,-1,-1,,,,,,,,,,,,,,,,,,,,,,,,,,,,,,,,,,,,,,,,,,,,,,,,,,,,,,,,,,,,,,,,,,,,,,,,,,,,,,,,,,,,
,Fake paper identification in the pool of withdrawn and rejected manuscripts submitted to Naunyn–Schmiedeberg’s Archives of Pharmacology,,,2,,,2,2,,,,,,,,,,,,,,,,,,,,,,,,,,,,,,,,,,,,,,,,,,,,,,,,,,,,,,,,,,,,,,,,,,,,,,,,,,,,,,,,,,,,
,C.R.E.A.M: Citations Rule Everything Around Me,,,2,,,2,2,,,,,,,,,,,,,,,,,,,,,,,,,,,,,,,,,,,,,,,,,,,,,,,,,,,,,,,,,,,,,,,,,,,,,,,,,,,,,,,,,,,,
,"The Matthew effect impacts science and academic publishing by preferentially amplifying citations, metrics and status",,,2,,,2,2,,,,,,,,,,,,,,,,,,,,,,,,,,,,,,,,,,,,,,,,,,,,,,,,,,,,,,,,,,,,,,,,,,,,,,,,,,,,,,,,,,,,
,Are there too many papers by the same authors within the same conference proceedings? Norms and extremities within the field of human–computer interaction,,,2,,,2,2,,,,,,,,,,,,,,,,,,,,,,,,,,,,,,,,,,,,,,,,,,,,,,,,,,,,,,,,,,,,,,,,,,,,,,,,,,,,,,,,,,,,
,Time-based changes in authorship trend in research-intensive universities in Malaysia,,,2,,,2,2,,,,,,,,,,,,,,,,,,,,,,,,,,,,,,,,,,,,,,,,,,,,,,,,,,,,,,,,,,,,,,,,,,,,,,,,,,,,,,,,,,,,
,"Paper mills, fraudulent authors, and editorial responses",,,2,,,2,2,,,,,,,,,,,,,,,,,,,,,,,,,,,,,,,,,,,,,,,,,,,,,,,,,,,,,,,,,,,,,,,,,,,,,,,,,,,,,,,,,,,,
,Gift authorship: Look the gift horse in the mouth,,,2,,,2,2,,,,,,,,,,,,,,,,,,,,,,,,,,,,,,,,,,,,,,,,,,,,,,,,,,,,,,,,,,,,,,,,,,,,,,,,,,,,,,,,,,,,
,What’s the Point of Authors?,,,2,,,2,2,,,,,,,,,,,,,,,,,,,,,,,,,,,,,,,,,,,,,,,,,,,,,,,,,,,,,,,,,,,,,,,,,,,,,,,,,,,,,,,,,,,,
,Ethics and authorship in brazilian psychology journals,,,2,,,2,2,,,,,,,,,,,,,,,,,,,,,,,,,,,,,,,,,,,,,,,,,,,,,,,,,,,,,,,,,,,,,,,,,,,,,,,,,,,,,,,,,,,,
,Quantitative research assessment: using metrics against gamed metrics,,,2,,,2,2,,,,,,,,,,,,,,,,,,,,,,,,,,,,,,,,,,,,,,,,,,,,,,,,,,,,,,,,,,,,,,,,,,,,,,,,,,,,,,,,,,,,
,Researchers’ Perceptions of Ethical Authorship Distribution in Collaborative Research Teams,,,2,,,2,2,,,,,,,,,,,,,,,,,,,,,,,,,,,,,,,,,,,,,,,,,,,,,,,,,,,,,,,,,,,,,,,,,,,,,,,,,,,,,,,,,,,,
,Intellectual contributions meriting authorship: Survey results from the top cited authors across all science categories,,,2,,,2,2,,,,,,,,,,,,,,,,,,,,,,,,,,,,,,,,,,,,,,,,,,,,,,,,,,,,,,,,,,,,,,,,,,,,,,,,,,,,,,,,,,,,
,Should research misconduct be criminalized?,,,2,,,2,2,,,,,,,,,,,,,,,,,,,,,,,,,,,,,,,,,,,,,,,,,,,,,,,,,,,,,,,,,,,,,,,,,,,,,,,,,,,,,,,,,,,,
,Publishing in tourism and hospitality journals: Is the past a prelude to the future?,,,0,,,0,0,,,,,,,,,,,,,,,,,,,,,,,,,,,,,,,,,,,,,,,,,,,,,,,,,,,,,,,,,,,,,,,,,,,,,,,,,,,,,,,,,,,,
https://www.scopus.com/inward/record.uri?eid=2-s2.0-62149089118&doi=10.1177%2f0883073808331366&partnerID=40&md5=f2ad5cb0ac036413c6aad9d9c61f85d5,Impact factor wars: Episode V - The empire strikes back,2009,"Brumback, Roger A.",-1,,,-1,-1,Journal of Child Neurology,journalArticle,,8830738,10.1177/0883073808331366,,2009,2024-06-07 14:43:55,2024-06-07 14:43:55,,260 – 262,,3,24,,,,,,,,,,,,,,,,,,,,,,,,,,,,,,,,,,,,,,,,,,,,,,,,,,,,,,,,,,,,,,,,,,,,,,79PVIZF7
https://www.scopus.com/inward/record.uri?eid=2-s2.0-85016088514&doi=10.1371%2fjournal.pone.0173444&partnerID=40&md5=f8b7040d34bf48c53d22316e13601a7b,Effects of research complexity and competition on the incidence and growth of coauthorship in biomedicine,2017,"Brunson, Jason Cory; Wang, Xiaoyan; Laubenbacher, Reinhard C.",,-1,-1,,-1,PLoS ONE,journalArticle,,19326203,10.1371/journal.pone.0173444,,2017,2024-06-07 14:43:55,2024-06-07 14:43:55,,,,3,12,,,,,,,,,,,,,,,,,Publisher: Public Library of Science,,,,,,,,,,,,,,,,,,,,,,,,,,,,,,,,,,,,,,,,,,,,,,,,,,,,,IXXBGPJB
https://www.scopus.com/inward/record.uri?eid=2-s2.0-85035779834&doi=10.1007%2fs11192-017-2599-0&partnerID=40&md5=73419ca68b42592bbf616b30dc2fe9ac,Measuring the stability of scientific collaboration,2018,"Bu, Yi; Murray, Dakota S.; Ding, Ying; Huang, Yong; Zhao, Yiming",-1,,,-1,-1,Scientometrics,journalArticle,,1389130,10.1007/s11192-017-2599-0,,2018,2024-06-07 14:43:55,2024-06-07 14:43:55,,463 – 479,,2,114,,,,,,,,,,,,,,,,,Publisher: Springer Netherlands,,,,,,,,,,,,,,,,,,,,,,,,,,,,,,,,,,,,,,,,,,,,,,,,,,,,,GCHY6ZMG
https://www.scopus.com/inward/record.uri?eid=2-s2.0-85134588276&doi=10.1177%2f21925682221115789&partnerID=40&md5=64411b7e5e0d503173e7c3d9909e1367,A Loss of Decency – and a Call for Voluntary Academic Integrity,2022,"Chapman, Jens R.; Wiechert, Karsten; Wang, Jeffrey C.",,-1,-1,,-1,Global Spine Journal,journalArticle,,21925682,10.1177/21925682221115789,,2022,2024-06-07 14:43:56,2024-06-07 14:43:56,,1319 – 1320,,7,12,,,,,,,,,,,,,,,,,Publisher: SAGE Publications Ltd,,,,,,,,,,,,,,,,,,,,,,,,,,,,,,,,,,,,,,,,,,,,,,,,,,,,,JEKU9XAY
https://www.scopus.com/inward/record.uri?eid=2-s2.0-85183396185&doi=10.36253%2fjlis.it-538&partnerID=40&md5=f693ccaf5a26ab270fa981b15954544c,Citation metrics and strategic mutations of scientific research: narratives and evidence; [Metriche citazionali e mutazioni strategiche della ricerca scientifica: narrative ed evidenze],2024,"Guerra, Luca",,-1,-1,,-1,JLIS.it,journalArticle,,20385366,10.36253/jlis.it-538,,2024,2024-06-07 14:43:58,2024-06-07 14:43:58,,144 – 158,,1,15,,,,,,,,,,,,,,,,,"Publisher: Universita di Firenze, Dipartimento di Storia, Archeologia, Geografia, Arte e Spettacolo",,,,,,,,,,,,,,,,,,,,,,,,,,,,,,,,,,,,,,,,,,,,,,,,,,,,,UQR9T4L7
https://www.scopus.com/inward/record.uri?eid=2-s2.0-85152652301&doi=10.1136%2fjme-2022-108874&partnerID=40&md5=5417ff0b81524e70d981a043a1eb33e0,Should authorship on scientific publications be treated as a right?,2023,"Resnik, David B.; Smith, Elise",-1,,,-1,-1,Journal of Medical Ethics,journalArticle,,3066800,10.1136/jme-2022-108874,,2023,2024-06-07 14:44:06,2024-06-07 14:44:06,,776 – 778,,11,49,,,,,,,,,,,,,,,,,Publisher: BMJ Publishing Group,,,,,,,,,,,,,,,,,,,,,,,,,,,,,,,,,,,,,,,,,,,,,,,,,,,,,8C28V4HN
https://www.scopus.com/inward/record.uri?eid=2-s2.0-84897573303&doi=10.1007%2fs11192-013-1127-0&partnerID=40&md5=fc81ead4f162b7c905267a2384a37519,Does the multi-authorship trend influence the quality of an article?,2014,"Sahu, Satya Ranjan; Panda, Krushna Chandra",-1,-1,,,-1,Scientometrics,journalArticle,,1389130,10.1007/s11192-013-1127-0,,2014,2024-06-07 14:44:06,2024-06-07 14:44:06,,2161 – 2168,,3,98,,,,,,,,,,,,,,,,,Publisher: Kluwer Academic Publishers,,,,,,,,,,,,,,,,,,,,,,,,,,,,,,,,,,,,,,,,,,,,,,,,,,,,,36XT4HPN
https://www.scopus.com/inward/record.uri?eid=2-s2.0-85020064476&doi=10.1091%2fmbc.E16-01-0037&partnerID=40&md5=2e18a62db0e4bcaf2f00907e91889bed,Article-level assessment of influence and translation in biomedical research,2017,"Santangelo, George M.",-1,,-1,,-1,Molecular Biology of the Cell,journalArticle,,10591524,10.1091/mbc.E16-01-0037,,2017,2024-06-07 14:44:07,2024-06-07 14:44:07,,1401 – 1408,,11,28,,,,,,,,,,,,,,,,,Publisher: American Society for Cell Biology,,,,,,,,,,,,,,,,,,,,,,,,,,,,,,,,,,,,,,,,,,,,,,,,,,,,,IXT2PWX3
https://www.scopus.com/inward/record.uri?eid=2-s2.0-85091005374&doi=10.1007%2fs11192-020-03688-y&partnerID=40&md5=08dcaec1a867295212211c0ae16249c5,Does monetary support increase citation impact of scholarly papers?,2020,"Tonta, Yaşar; Akbulut, Müge",,,-1,-1,-1,Scientometrics,journalArticle,,1389130,10.1007/s11192-020-03688-y,,2020,2024-06-07 14:44:08,2024-06-07 14:44:08,,1617 – 1641,,2,125,,,,,,,,,,,,,,,,,Publisher: Springer Science and Business Media B.V.,,,,,,,,,,,,,,,,,,,,,,,,,,,,,,,,,,,,,,,,,,,,,,,,,,,,,CWWL5GBY
https://www.scopus.com/inward/record.uri?eid=2-s2.0-85159363426&doi=10.1007%2fs11192-023-04724-3&partnerID=40&md5=076e8ef1a883819a15fb5108c5d5d3e8,All-pervading insider bias alters review time in Turkish university journals,2023,"Tutuncu, Lokman",,-1,,-1,-1,Scientometrics,journalArticle,,1389130,10.1007/s11192-023-04724-3,,2023,2024-06-07 14:44:08,2024-06-07 14:44:08,,3743 – 3791,,6,128,,,,,,,,,,,,,,,,,Publisher: Akademiai Kiado ZRt.,,,,,,,,,,,,,,,,,,,,,,,,,,,,,,,,,,,,,,,,,,,,,,,,,,,,,2HSF5J33
https://www.scopus.com/inward/record.uri?eid=2-s2.0-84903748674&doi=10.1073%2fpnas.1407709111&partnerID=40&md5=ca6369b1a8881faf629aab7e211c345b,China's rise as a major contributor to science and technology,2014,"Xie, Yu; Zhang, Chunni; Lai, Qing",-1,,2,-1,-1,Proceedings of the National Academy of Sciences of the United States of America,journalArticle,,278424,10.1073/pnas.1407709111,,2014,2024-06-07 14:44:10,2024-06-07 14:44:10,,9437 – 9442,,26,111,,,,,,,,,,,,,,,,,Publisher: National Academy of Sciences,,,,,,,,,,,,,,,,,,,,,,,,,,,,,,,,,,,,,,,,,,,,,,,,,,,,,L98VNATB
https://www.scopus.com/inward/record.uri?eid=2-s2.0-85076563671&doi=10.1093%2freseval%2frvz028&partnerID=40&md5=646dad37d2ca2b723d0bf2efea621216,Performing under 'the baton of administrative power'? chinese academics' responses to incentives for international publications,2019,"Xu, Xin",-1,-1,,,-1,Research Evaluation,journalArticle,,9582029,10.1093/reseval/rvz028,,2019,2024-06-07 14:44:10,2024-06-07 14:44:10,,87 – 99,,1,29,,,,,,,,,,,,,,,,,Publisher: Oxford University Press,,,,,,,,,,,,,,,,,,,,,,,,,,,,,,,,,,,,,,,,,,,,,,,,,,,,,G5NEB3NB
https://www.scopus.com/inward/record.uri?eid=2-s2.0-85069496465&doi=10.1007%2fs11948-018-0057-x&partnerID=40&md5=88ab2407570ac5104a98adafc7677e57,Integrity in Biomedical Research: A Systematic Review of Studies in China,2019,"Yi, Nannan; Nemery, Benoit; Dierickx, Kris",-1,,-1,,-1,Science and Engineering Ethics,journalArticle,,13533452,10.1007/s11948-018-0057-x,,2019,2024-06-07 14:44:10,2024-06-07 14:44:10,,1271 – 1301,,4,25,,,,,,,,,,,,,,,,,Publisher: Springer Netherlands,,,,,,,,,,,,,,,,,,,,,,,,,,,,,,,,,,,,,,,,,,,,,,,,,,,,,BQ2SRGXL
https://www.scopus.com/inward/record.uri?eid=2-s2.0-85102271909&doi=10.1071%2fPCv27n1_ED&partnerID=40&md5=bb62bcd80bc898b402d3272e13456a55,Combatting the rise of paper mills,2021,"Calver, Mike",,-1,-1,,-1,Pacific Conservation Biology,journalArticle,,10382097,10.1071/PCv27n1_ED,,2021,2024-06-07 14:43:55,2024-06-07 14:43:55,,1 – 2,,1,27,,,,,,,,,,,,,,,,,Publisher: CSIRO,,,,,,,,,,,,,,,,,,,,,,,,,,,,,,,,,,,,,,,,,,,,,,,,,,,,,RZGMHCSK
https://www.scopus.com/inward/record.uri?eid=2-s2.0-85048936235&doi=10.3390%2fpublications6020018&partnerID=40&md5=1661385a249e3298a5dc9871b48d78fa,Publish and who should perish: You or science?,2018,"Kun, Ádám",-1,,2,-1,-1,Publications,journalArticle,,23046775,10.3390/publications6020018,,2018,2024-06-07 14:44:01,2024-06-07 14:44:01,,,,2,6,,,,,,,,,,,,,,,,,Publisher: MDPI AG,,,,,,,,,,,,,,,,,,,,,,,,,,,,,,,,,,,,,,,,,,,,,,,,,,,,,YHK7LP4Z
https://www.scopus.com/inward/record.uri?eid=2-s2.0-84897019250&doi=10.1111%2fjnc.12644&partnerID=40&md5=6d27a627b36d0db0aa9e873987faa0cc,"Submitting a manuscript for peer review-integrity, integrity, integrity",2014,"Murphy, Sean P.; Bulman, Christopher; Shariati, Behnam; Hausmann, Laura",-1,,-1,,-1,Journal of Neurochemistry,journalArticle,,223042,10.1111/jnc.12644,,2014,2024-06-07 14:44:04,2024-06-07 14:44:04,,341 – 343,,3,128,,,,,,,,,,,,,,,,,Publisher: Blackwell Publishing Ltd,,,,,,,,,,,,,,,,,,,,,,,,,,,,,,,,,,,,,,,,,,,,,,,,,,,,,KJIZXU6R
https://www.scopus.com/inward/record.uri?eid=2-s2.0-85031925351&doi=10.1108%2fAJIM-01-2017-0014&partnerID=40&md5=9d644c6222fc3e6125253771e486a305,Publish or impoverish: An investigation of the monetary reward system of science in China (1999-2016),2017,"Quan, Wei; Chen, Bikun; Shu, Fei",-1,2,,-1,-1,Aslib Journal of Information Management,journalArticle,,20503806,10.1108/AJIM-01-2017-0014,,2017,2024-06-07 14:44:06,2024-06-07 14:44:06,,486 – 502,,5,69,,,,,,,,,,,,,,,,,Publisher: Emerald Group Publishing Ltd.,,,,,,,,,,,,,,,,,,,,,,,,,,,,,,,,,,,,,,,,,,,,,,,,,,,,,5CF9MSZZ
https://www.scopus.com/inward/record.uri?eid=2-s2.0-85114171579&doi=10.19186%2fBC_2021.003&partnerID=40&md5=c924fbe0c333d22e52a006d777e01f8b,Research Integrity: Understanding our shared responsibility for a sustainable scholarly ecosystem.; [Integrità della ricerca: Comprendere la nostra comune responsabilità per un sistema accademico sostenibile],2021,"Szomszor, Martin; Quaderi, Nandita",,-1,-1,,-1,Biochimica Clinica,journalArticle,,3930564,10.19186/BC_2021.003,,2021,2024-06-07 14:44:08,2024-06-07 14:44:08,,196 – 210,,2,45,,,,,,,,,,,,,,,,,Publisher: Biomedia,,,,,,,,,,,,,,,,,,,,,,,,,,,,,,,,,,,,,,,,,,,,,,,,,,,,,ICM4W3IR
https://www.scopus.com/inward/record.uri?eid=2-s2.0-85105398713&doi=10.1007%2fs11192-021-03944-9&partnerID=40&md5=c09b8085c090ff363639c0efa43bdcca,The citation impact of articles from which authors gained monetary rewards based on journal metrics,2021,"Vîiu, Gabriel-Alexandru; Păunescu, Mihai",-1,2,,-1,-1,Scientometrics,journalArticle,,1389130,10.1007/s11192-021-03944-9,,2021,2024-06-07 14:44:09,2024-06-07 14:44:09,,4941 – 4974,,6,126,,,,,,,,,,,,,,,,,Publisher: Springer Science and Business Media B.V.,,,,,,,,,,,,,,,,,,,,,,,,,,,,,,,,,,,,,,,,,,,,,,,,,,,,,TTZJRJ4D
https://www.scopus.com/inward/record.uri?eid=2-s2.0-84907725478&partnerID=40&md5=932392578edf35487a77ea5a1fe0b03b,Are we foregoing quality in favour of quantity?,2014,"Bang, Alok",-1,,,-1,-1,Current Science,journalArticle,,113891,,,2014,2024-06-07 14:43:54,2024-06-07 14:43:54,,1101 – 1102,,7,107,,,,,,,,,,,,,,,,,Publisher: Indian Academy of Sciences,,,,,,,,,,,,,,,,,,,,,,,,,,,,,,,,,,,,,,,,,,,,,,,,,,,,,JKYRQEEV
https://www.scopus.com/inward/record.uri?eid=2-s2.0-85054673185&doi=10.1007%2fs10654-018-0449-x&partnerID=40&md5=72b159ca194ac22ae29ac04f594ee830,"Massive citations to misleading methods and research tools: Matthew effect, quotation error and citation copying",2018,"Ioannidis, John P. A.",-1,,,-1,-1,European Journal of Epidemiology,journalArticle,,3932990,10.1007/s10654-018-0449-x,,2018,2024-06-07 14:44:00,2024-06-07 14:44:00,,1021 – 1023,,11,33,,,,,,,,,,,,,,,,,Publisher: Springer Netherlands,,,,,,,,,,,,,,,,,,,,,,,,,,,,,,,,,,,,,,,,,,,,,,,,,,,,,2TXSXWWH
https://www.scopus.com/inward/record.uri?eid=2-s2.0-85075940702&doi=10.1007%2f978-3-030-02511-3_1&partnerID=40&md5=2cb1025f1ede6f4ccaa1e2bdb5d94cce,"The journal impact factor: A brief history, critique, and discussion of adverse effects",2019,"Larivière, Vincent; Sugimoto, Cassidy R.",,,-1,-1,-1,Springer Handbooks,journalArticle,,25228692,10.1007/978-3-030-02511-3_1,,2019,2024-06-07 14:44:02,2024-06-07 14:44:02,,3 – 24,,,,,,,,,,,,,,,,,,,,Publisher: Springer,,,,,,,,,,,,,,,,,,,,,,,,,,,,,,,,,,,,,,,,,,,,,,,,,,,,,4LJHQ3L5
https://www.scopus.com/inward/record.uri?eid=2-s2.0-84956688812&doi=10.5771%2f0943-7444-2015-5-316&partnerID=40&md5=1f4487f7199912d2d43f1fedb9df64ee,"The moral imagination in an era of ""Gaming Academia"": Implications of emerging reputational issues in scholarly activities for knowledge organization practices",2015,"Oravec, Jo Ann",-1,,,-1,-1,Knowledge Organization,journalArticle,,9437444,10.5771/0943-7444-2015-5-316,,2015,2024-06-07 14:44:05,2024-06-07 14:44:05,,316 – 323,,5,42,,,,,,,,,,,,,,,,,Publisher: International Society for Knowledge Organization,,,,,,,,,,,,,,,,,,,,,,,,,,,,,,,,,,,,,,,,,,,,,,,,,,,,,KJMBL3JF
https://www.scopus.com/inward/record.uri?eid=2-s2.0-85074467235&doi=10.1007%2fs12663-011-0224-y&partnerID=40&md5=4db54d29ad3bde1869ada6cc913c19e1,Will the Real Author Please Stand Up!,2011,"Paul, George",-1,,,-1,-1,Journal of Maxillofacial and Oral Surgery,journalArticle,,9728279,10.1007/s12663-011-0224-y,,2011,2024-06-07 14:44:05,2024-06-07 14:44:05,,2 – 3,,1,10,,,,,,,,,,,,,,,,,Publisher: Springer,,,,,,,,,,,,,,,,,,,,,,,,,,,,,,,,,,,,,,,,,,,,,,,,,,,,,VBJRLMZB
https://www.scopus.com/inward/record.uri?eid=2-s2.0-84959067782&doi=10.1136%2fbmj.h6560&partnerID=40&md5=70cc5d4a5affb7faf94597f4304115dd,"Time to kill the scientific ""author""?",2015,"Adams, Ben",-1,-1,,,-1,BMJ (Online),journalArticle,,9598146,10.1136/bmj.h6560,,2015,2024-06-07 14:43:52,2024-06-07 14:43:52,,,,,351,,,,,,,,,,,,,,,,,Publisher: BMJ Publishing Group,,,,,,,,,,,,,,,,,,,,,,,,,,,,,,,,,,,,,,,,,,,,,,,,,,,,,AKIGMDNZ
https://www.scopus.com/inward/record.uri?eid=2-s2.0-85021258379&doi=10.1007%2fs11948-017-9939-6&partnerID=40&md5=36464f882e8fd2f5310f73e87455d40d,World Map of Scientific Misconduct,2018,"Ataie-Ashtiani, Behzad",-1,-1,,-1,-1,Science and Engineering Ethics,journalArticle,,13533452,10.1007/s11948-017-9939-6,,2018,2024-06-07 14:43:53,2024-06-07 14:43:53,,1653 – 1656,,5,24,,,,,,,,,,,,,,,,,Publisher: Springer Netherlands,,,,,,,,,,,,,,,,,,,,,,,,,,,,,,,,,,,,,,,,,,,,,,,,,,,,,V8WNVT9X
https://www.scopus.com/inward/record.uri?eid=2-s2.0-84961720862&doi=10.1126%2fscience.351.6279.1273-c&partnerID=40&md5=9ec035d350c476027ce8a69d1c02b166,Curbing Iran's academic misconduct,2016,"Ataie-Ashtiani, Behzad",-1,,-1,,-1,Science,journalArticle,,368075,10.1126/science.351.6279.1273-c,,2016,2024-06-07 14:43:53,2024-06-07 14:43:53,,1273 – 1274,,6279,351,,,,,,,,,,,,,,,,,Publisher: American Association for the Advancement of Science,,,,,,,,,,,,,,,,,,,,,,,,,,,,,,,,,,,,,,,,,,,,,,,,,,,,,F6DA567T
https://www.scopus.com/inward/record.uri?eid=2-s2.0-85117434855&doi=10.1177%2f02611929211030417&partnerID=40&md5=61be1e24d355c5b293ba981dbf2f2741,Biomedical Research Must Change — But a Shift Toward Human-specific Research Methods Is Only Part of What Is Needed,2021,"Bailey, Jarrod",-1,,,-1,-1,ATLA Alternatives to Laboratory Animals,journalArticle,,2611929,10.1177/02611929211030417,,2021,2024-06-07 14:43:54,2024-06-07 14:43:54,,69 – 72,,3,49,,,,,,,,,,,,,,,,,Publisher: SAGE Publications Inc.,,,,,,,,,,,,,,,,,,,,,,,,,,,,,,,,,,,,,,,,,,,,,,,,,,,,,RF6GEM8W
https://www.scopus.com/inward/record.uri?eid=2-s2.0-85102953979&doi=10.4103%2fmjdrdypu.mjdrdypu_33_20&partnerID=40&md5=d9bbc2c040d66120d65302bc5c94c83f,Jargon and metrics for evaluation: Are they valid or instead promote questionable practices?,2020,"Banerjee, Amitav",,,-1,-1,-1,Medical Journal of Dr. D.Y. Patil Vidyapeeth,journalArticle,,25898302,10.4103/mjdrdypu.mjdrdypu_33_20,,2020,2024-06-07 14:43:54,2024-06-07 14:43:54,,295 – 297,,,,,,,,,,,,,,,,,,,,Publisher: Wolters Kluwer Medknow Publications,,,,,,,,,,,,,,,,,,,,,,,,,,,,,,,,,,,,,,,,,,,,,,,,,,,,,36Z5NJ36
https://www.scopus.com/inward/record.uri?eid=2-s2.0-84904414027&doi=10.1007%2fs13744-014-0217-x&partnerID=40&md5=1c47f73af388dfd19f0b918d9155a2c7,Is the Fever for High Impact a Disadvantage for Systematists?,2014,"Benítez, H. A.",,-1,-1,,-1,Neotropical Entomology,journalArticle,,1519566X,10.1007/s13744-014-0217-x,,2014,2024-06-07 14:43:54,2024-06-07 14:43:54,,295 – 297,,4,43,,,,,,,,,,,,,,,,,Publisher: Kluwer Academic Publishers,,,,,,,,,,,,,,,,,,,,,,,,,,,,,,,,,,,,,,,,,,,,,,,,,,,,,CMFKCXLL
https://www.scopus.com/inward/record.uri?eid=2-s2.0-85123719258&doi=10.1021%2fbk-2021-1401.ch009&partnerID=40&md5=c3bb959a0ce364d09d5db0a7fdc8300d,"Perspectives on Publishing: Peer Review, Impact, and Significance",2021,"Berliner, Lawrence J.",,-1,,-1,-1,ACS Symposium Series,journalArticle,,976156,10.1021/bk-2021-1401.ch009,,2021,2024-06-07 14:43:54,2024-06-07 14:43:54,,135 – 141,,,1401,,,,,,,,,,,,,,,,,Publisher: American Chemical Society,,,,,,"S.M, Schelble; Denver, Co of Denver; K.M, Elkins; Towson, M. D. Towson University",,,,,,,,,,,,,,,,,,,,,,,,,,,,,,,,,,,,,,,,,,,,,,,D4LP7ZYT
https://www.scopus.com/inward/record.uri?eid=2-s2.0-85074047684&doi=10.1002%2fanie.201908646&partnerID=40&md5=00e0744b127b361278dd9ef5f904f306,Before and After Photoshop: Recursive Fraud in the Age of Digital Reproducibility,2019,"Biagioli, Mario",-1,,,-1,-1,Angewandte Chemie - International Edition,journalArticle,,14337851,10.1002/anie.201908646,,2019,2024-06-07 14:43:54,2024-06-07 14:43:54,,16334 – 16335,,46,58,,,,,,,,,,,,,,,,,Publisher: Wiley-VCH Verlag,,,,,,,,,,,,,,,,,,,,,,,,,,,,,,,,,,,,,,,,,,,,,,,,,,,,,EXYZ2DBR
https://www.scopus.com/inward/record.uri?eid=2-s2.0-85056713173&doi=10.1016%2fj.respol.2018.10.025&partnerID=40&md5=677f2df264bb27e3e6708ddbf40d0f3e,"Academic misconduct, misrepresentation and gaming: A reassessment",2019,"Biagioli, Mario; Kenney, Martin; Martin, Ben R.; Walsh, John P.",,,-1,-1,-1,Research Policy,journalArticle,,487333,10.1016/j.respol.2018.10.025,,2019,2024-06-07 14:43:54,2024-06-07 14:43:54,,401 – 413,,2,48,,,,,,,,,,,,,,,,,Publisher: Elsevier B.V.,,,,,,,,,,,,,,,,,,,,,,,,,,,,,,,,,,,,,,,,,,,,,,,,,,,,,XNA6VWPL
https://www.scopus.com/inward/record.uri?eid=2-s2.0-85148550507&doi=10.1701%2f3981.39638&partnerID=40&md5=11930caad70621066faa1b00bc715ea9,Fake paper factories: Root cause solutions are needed; [Gli articoli scientifici fabbricati: servono soluzioni di sistema],2023,"Caminiti, Caterina; Fiore, Luca De",,-1,,-1,-1,Recenti Progressi in Medicina,journalArticle,,341193,10.1701/3981.39638,,2023,2024-06-07 14:43:55,2024-06-07 14:43:55,,148 – 153,,3,114,,,,,,,,,,,,,,,,,Publisher: Il Pensiero Scientifico Editore s.r.l.,,,,,,,,,,,,,,,,,,,,,,,,,,,,,,,,,,,,,,,,,,,,,,,,,,,,,FG4S3UEV
https://www.scopus.com/inward/record.uri?eid=2-s2.0-84894068689&partnerID=40&md5=aa33520598cd60e1e7beaf375083835e,Plagiarism and misconduct in research: Where we are and what we can do,2013,"Chamon, Wallace",,,-1,-1,-1,Arquivos Brasileiros de Oftalmologia,journalArticle,,16782925,,,2013,2024-06-07 14:43:56,2024-06-07 14:43:56,,vii–viii,,6,76,,,,,,,,,,,,,,,,,,,,,,,,,,,,,,,,,,,,,,,,,,,,,,,,,,,,,,,,,,,,,,,,,,,,,,SJHBTXMU
https://www.scopus.com/inward/record.uri?eid=2-s2.0-84952786857&doi=10.17705%2f1jais.00416&partnerID=40&md5=a3ddc5a174b108a51e1816cad5635696,"Co-authorship, homophily, and scholarly influence in information systems research",2015,"Gallivan, Michael; Ahuja, Manju",-1,,,-1,-1,Journal of the Association for Information Systems,journalArticle,,15369323,10.17705/1jais.00416,,2015,2024-06-07 14:43:58,2024-06-07 14:43:58,,980 – 1015,,12,16,,,,,,,,,,,,,,,,,Publisher: Association for Information Systems,,,,,,,,,,,,,,,,,,,,,,,,,,,,,,,,,,,,,,,,,,,,,,,,,,,,,297CFD5I
https://www.scopus.com/inward/record.uri?eid=2-s2.0-70449629036&doi=10.1103%2fPhysRevE.80.057101&partnerID=40&md5=28c3c28a1ad4fc1b534e75db6ce3b858,Distribution for the number of coauthors,2009,"Hsu, Jiann-Wien; Huang, Ding-Wei",-1,,-1,,-1,"Physical Review E - Statistical, Nonlinear, and Soft Matter Physics",journalArticle,,15502376,10.1103/PhysRevE.80.057101,,2009,2024-06-07 14:43:59,2024-06-07 14:43:59,,,,5,80,,,,,,,,,,,,,,,,,,,,,,,,,,,,,,,,,,,,,,,,,,,,,,,,,,,,,,,,,,,,,,,,,,,,,,NGQEEQ4F
https://www.scopus.com/inward/record.uri?eid=2-s2.0-85065425122&doi=10.1001%2fvirtualmentor.2009.11.4.ccas1-0904&partnerID=40&md5=8f17a261c8e3520a1b35d2f2de71c374,Are honorary authorships ethical?,2009,"Hughes, Mark T.",-1,,,-1,-1,Virtual Mentor,journalArticle,,19377010,10.1001/virtualmentor.2009.11.4.ccas1-0904,,2009,2024-06-07 14:43:59,2024-06-07 14:43:59,,279 – 283,,4,11,,,,,,,,,,,,,,,,,Publisher: American Medical Association,,,,,,,,,,,,,,,,,,,,,,,,,,,,,,,,,,,,,,,,,,,,,,,,,,,,,IJKFHG7B
https://www.scopus.com/inward/record.uri?eid=2-s2.0-85079064365&doi=10.5694%2fmja2.50493&partnerID=40&md5=c479c3df97f64904b5f362e0a06e170c,"Citation metrics for appraising scientists: misuse, gaming and proper use",2020,"Ioannidis, John P. A.; Boyack, Kevin W.",,,-1,-1,-1,Medical Journal of Australia,journalArticle,,0025729X,10.5694/mja2.50493,,2020,2024-06-07 14:44:00,2024-06-07 14:44:00,,247 – 249.e1,,6,212,,,,,,,,,,,,,,,,,Publisher: John Wiley and Sons Inc.,,,,,,,,,,,,,,,,,,,,,,,,,,,,,,,,,,,,,,,,,,,,,,,,,,,,,8I2CIY28
https://www.scopus.com/inward/record.uri?eid=2-s2.0-85068450353&doi=10.1111%2feci.13151&partnerID=40&md5=fdb342949753756938a2e7a02e03080c,A user’s guide to inflated and manipulated impact factors,2019,"Ioannidis, John P. A.; Thombs, Brett D.",,-1,-1,,-1,European Journal of Clinical Investigation,journalArticle,,142972,10.1111/eci.13151,,2019,2024-06-07 14:44:00,2024-06-07 14:44:00,,,,9,49,,,,,,,,,,,,,,,,,Publisher: Blackwell Publishing Ltd,,,,,,,,,,,,,,,,,,,,,,,,,,,,,,,,,,,,,,,,,,,,,,,,,,,,,5B6WEBTU
https://www.scopus.com/inward/record.uri?eid=2-s2.0-85103962946&doi=10.1007%2f978-3-319-51277-8_3&partnerID=40&md5=92bd22280787acab15feec3c161e4692,Issues of Authorship,2017,"Koepsell, David",,-1,,-1,-1,SpringerBriefs in Ethics,journalArticle,,22118101,10.1007/978-3-319-51277-8_3,,2017,2024-06-07 14:44:01,2024-06-07 14:44:01,,25 – 36,,,,,,,,,,,,,,,,,,,,Publisher: Springer Nature,,,,,,,,,,,,,,,,,,,,,,,,,,,,,,,,,,,,,,,,,,,,,,,,,,,,,J53D8Z26
https://www.scopus.com/inward/record.uri?eid=2-s2.0-84971372221&doi=10.1002%2fleap.1031&partnerID=40&md5=ae9445f9321949b115e02b6f853d4f5a,What causes peer review scams and how can they be prevented?,2016,"Kulkarni, Sneha",-1,,,-1,-1,Learned Publishing,journalArticle,,9531513,10.1002/leap.1031,,2016,2024-06-07 14:44:01,2024-06-07 14:44:01,,211 – 213,,3,29,,,,,,,,,,,,,,,,,Publisher: Association of Learned and Professional Society Publ.,,,,,,,,,,,,,,,,,,,,,,,,,,,,,,,,,,,,,,,,,,,,,,,,,,,,,V3RTU82C
https://www.scopus.com/inward/record.uri?eid=2-s2.0-85147577168&doi=10.11925%2finfotech.2096-3467.2021.1346&partnerID=40&md5=207c67cc5c8bcba09a264cfa8f537b1c,Influence of JIF and Journal Tier on Submission Behaviors in Different Countries——Based on Monthly Accepted Papers of NPG Journals,2022,"Li, Li; Yu, Liao; Ming, Yang; Minhao, Wang; Fuyou, Chen; Zhesi, Shen; Liying, Yang",,-1,-1,,-1,Data Analysis and Knowledge Discovery,journalArticle,,20963467,10.11925/infotech.2096-3467.2021.1346,,2022,2024-06-07 14:44:02,2024-06-07 14:44:02,,43 – 52,,12,6,,,,,,,,,,,,,,,,,Publisher: Chinese Academy of Sciences,,,,,,,,,,,,,,,,,,,,,,,,,,,,,,,,,,,,,,,,,,,,,,,,,,,,,3H6N3YRY
https://www.scopus.com/inward/record.uri?eid=2-s2.0-84884714970&doi=10.1016%2fj.jebo.2013.08.016&partnerID=40&md5=0ffc8308fc6f6aa0ca21da914d16bd1c,Inventorship and authorship as attribution rights: An enquiry into the economics of scientific credit,2013,"Lissoni, Francesco; Montobbio, Fabio; Zirulia, Lorenzo",,-1,,-1,-1,Journal of Economic Behavior and Organization,journalArticle,,1672681,10.1016/j.jebo.2013.08.016,,2013,2024-06-07 14:44:02,2024-06-07 14:44:02,,49 – 69,,,95,,,,,,,,,,,,,,,,,,,,,,,,,,,,,,,,,,,,,,,,,,,,,,,,,,,,,,,,,,,,,,,,,,,,,,WCNA4CZT
https://www.scopus.com/inward/record.uri?eid=2-s2.0-85102965541&doi=10.1085%2fJGP.202012803&partnerID=40&md5=de8e8aa188d7ad6a174fa0288ec9240c,"Is Bauman's ""liquid modernity"" influencing the way we are doing science?",2021,"Mattiazzi, Alicia; Vila-Petroff, Martín",-1,,,-1,-1,Journal of General Physiology,journalArticle,,221295,10.1085/JGP.202012803,,2021,2024-06-07 14:44:03,2024-06-07 14:44:03,,,,5,153,,,,,,,,,,,,,,,,,Publisher: Rockefeller University Press,,,,,,,,,,,,,,,,,,,,,,,,,,,,,,,,,,,,,,,,,,,,,,,,,,,,,K9PWQPG7
https://www.scopus.com/inward/record.uri?eid=2-s2.0-85051012718&doi=10.3928%2f01477447-20180123-06&partnerID=40&md5=0c57576ba30962cb978007e7c6368310,Scientific misconduct (fraud) in medical writing,2018,"Mavrogenis, Andreas F.; Panagopoulos, Georgios N.; Megaloikonomos, Panayiotis D.; Panagopoulos, Vassilis N.; Mauffrey, Cyril; Quaile, Andrew; Scarlat, Marius M.",,,-1,-1,-1,Orthopedics,journalArticle,,1477447,10.3928/01477447-20180123-06,,2018,2024-06-07 14:44:03,2024-06-07 14:44:03,,e176 – e183,,2,41,,,,,,,,,,,,,,,,,Publisher: Slack Incorporated,,,,,,,,,,,,,,,,,,,,,,,,,,,,,,,,,,,,,,,,,,,,,,,,,,,,,69YYR6PI
https://www.scopus.com/inward/record.uri?eid=2-s2.0-85108048864&partnerID=40&md5=d46164824cf66d22239362b45a6575df,The rising menace of scholarly black-market: Challenges and solutions for improving research in low- And middle-income countries,2021,"Memon, Aamir Raoof; Rathore, Farooq Azam",-1,,,-1,-1,Journal of the Pakistan Medical Association,journalArticle,,309982,,,2021,2024-06-07 14:44:04,2024-06-07 14:44:04,,1523 – 1526,,6,71,,,,,,,,,,,,,,,,,Publisher: Pakistan Medical Association,,,,,,,,,,,,,,,,,,,,,,,,,,,,,,,,,,,,,,,,,,,,,,,,,,,,,H26NAL96
https://www.scopus.com/inward/record.uri?eid=2-s2.0-0036090857&doi=10.1055%2fs-2002-25251&partnerID=40&md5=367f58380f7f04aa07ed48fa050becf4,A framework concept for analysing scientific misconduct; [Ein rahmenkonzept zur analyse von wissenschaftlichem fehlverhalten],2002,"Mojon-Azzi, Stefania M.; Wagner, U.; Mojon, D. S.",,-1,-1,,-1,Gesundheitsokonomie und Qualitatsmanagement,journalArticle,,14322625,10.1055/s-2002-25251,,2002,2024-06-07 14:44:04,2024-06-07 14:44:04,,114 – 124,,2,7,,,,,,,,,,,,,,,,,,,,,,,,,,,,,,,,,,,,,,,,,,,,,,,,,,,,,,,,,,,,,,,,,,,,,,RZHY75DE
https://www.scopus.com/inward/record.uri?eid=2-s2.0-84892682590&doi=10.1007%2fs11948-014-9517-0&partnerID=40&md5=a22b7c5aec37b3182e72e33fddc7c06e,The Disaster of the Impact Factor,2015,"Moustafa, Khaled",,-1,,-1,-1,Science and Engineering Ethics,journalArticle,,13533452,10.1007/s11948-014-9517-0,,2015,2024-06-07 14:44:04,2024-06-07 14:44:04,,139 – 142,,1,21,,,,,,,,,,,,,,,,,Publisher: Kluwer Academic Publishers,,,,,,,,,,,,,,,,,,,,,,,,,,,,,,,,,,,,,,,,,,,,,,,,,,,,,62IKTKZZ
https://www.scopus.com/inward/record.uri?eid=2-s2.0-85100957278&doi=10.1073%2fpnas.2012208118&partnerID=40&md5=6f4986026862fc35f282f3d786adc12a,Global citation inequality is on the rise,2021,"Nielsen, Mathias Wullum; Andersen, Jens Peter",,,-1,-1,-1,Proceedings of the National Academy of Sciences of the United States of America,journalArticle,,278424,10.1073/pnas.2012208118,,2021,2024-06-07 14:44:05,2024-06-07 14:44:05,,,,7,118,,,,,,,,,,,,,,,,,Publisher: National Academy of Sciences,,,,,,,,,,,,,,,,,,,,,,,,,,,,,,,,,,,,,,,,,,,,,,,,,,,,,8YTRLXDV
https://www.scopus.com/inward/record.uri?eid=2-s2.0-77955212208&doi=10.1002%2fbjs.7187&partnerID=40&md5=fad4c9a7033f443e6df52988b042b699,Authorship trends in the surgical literature (Br J Surg 2010; 97: 1304-1308),2010,"Overbeke, A. J. P. M.",,,-1,-1,-1,British Journal of Surgery,journalArticle,,13652168,10.1002/bjs.7187,,2010,2024-06-07 14:44:05,2024-06-07 14:44:05,,1308,,8,97,,,,,,,,,,,,,,,,,,,,,,,,,,,,,,,,,,,,,,,,,,,,,,,,,,,,,,,,,,,,,,,,,,,,,,GDG48WHB
https://www.scopus.com/inward/record.uri?eid=2-s2.0-85096296768&doi=10.1007%2fs11948-020-00273-7&partnerID=40&md5=2f30036db7e4f7276252ea48af9d93fb,Authorship Policies at U.S. Doctoral Universities: A Review and Recommendations for Future Policies,2020,"Rasmussen, Lisa M.; Williams, Courtney E.; Hausfeld, Mary M.; Banks, George C.; Davis, Bailey C.",-1,,-1,,-1,Science and Engineering Ethics,journalArticle,,13533452,10.1007/s11948-020-00273-7,,2020,2024-06-07 14:44:06,2024-06-07 14:44:06,,3393 – 3413,,6,26,,,,,,,,,,,,,,,,,Publisher: Springer Science and Business Media B.V.,,,,,,,,,,,,,,,,,,,,,,,,,,,,,,,,,,,,,,,,,,,,,,,,,,,,,JTC6YRNC
https://www.scopus.com/inward/record.uri?eid=2-s2.0-67650692738&doi=10.1016%2fj.baae.2008.09.001&partnerID=40&md5=71d2c4fb4caaa85fc747d40549c3cea7,Towards objectivity in research evaluation using bibliometric indicators - A protocol for incorporating complexity,2009,"Retzer, Vroni; Jurasinski, Gerald",,,-1,-1,-1,Basic and Applied Ecology,journalArticle,,16180089,10.1016/j.baae.2008.09.001,,2009,2024-06-07 14:44:06,2024-06-07 14:44:06,,393 – 400,,5,10,,,,,,,,,,,,,,,,,,,,,,,,,,,,,,,,,,,,,,,,,,,,,,,,,,,,,,,,,,,,,,,,,,,,,,XAEUL6G2
https://www.scopus.com/inward/record.uri?eid=2-s2.0-77954283902&doi=10.1080%2f08989621.2010.493094&partnerID=40&md5=7a06fc0e7e82bec5d53efe1dd7c65a07,"Influences on authorship issues: An evaluation of receiving, not receiving, and rejecting credit",2010,"Seeman, Jeffrey I.; House, Mark C.",,-1,-1,,-1,Accountability in Research,journalArticle,,15455815,10.1080/08989621.2010.493094,,2010,2024-06-07 14:44:07,2024-06-07 14:44:07,,176 – 197,,4,17,,,,,,,,,,,,,,,,,,,,,,,,,,,,,,,,,,,,,,,,,,,,,,,,,,,,,,,,,,,,,,,,,,,,,,XP877LTG
https://www.scopus.com/inward/record.uri?eid=2-s2.0-11944273308&partnerID=40&md5=4ac507ae0d29edb8c98f5836a6c7a5d3,Author numbers in Indian pediatrics-going against the tide! [11],2004,"Sohi, Inderpreet; Kakkar, Naveen",-1,,,-1,-1,Indian Pediatrics,journalArticle,,196061,,,2004,2024-06-07 14:44:07,2024-06-07 14:44:07,,1286 – 1287,,12,41,,,,,,,,,,,,,,,,,,,,,,,,,,,,,,,,,,,,,,,,,,,,,,,,,,,,,,,,,,,,,,,,,,,,,,XT2V875A
https://www.scopus.com/inward/record.uri?eid=2-s2.0-84931278897&doi=10.1002%2fasi.23302&partnerID=40&md5=eb9f9a12b4aff9b98525268bf398e83c,Is there a clubbing effect underlying Chinese research citation Increases?,2015,"Tang, Li; Shapira, Philip; Youtie, Jan",-1,,-1,,-1,Journal of the Association for Information Science and Technology,journalArticle,,23301635,10.1002/asi.23302,,2015,2024-06-07 14:44:08,2024-06-07 14:44:08,,1923 – 1932,,9,66,,,,,,,,,,,,,,,,,Publisher: John Wiley and Sons Inc.,,,,,,,,,,,,,,,,,,,,,,,,,,,,,,,,,,,,,,,,,,,,,,,,,,,,,4UYLUPAT
https://www.scopus.com/inward/record.uri?eid=2-s2.0-85060351005&doi=10.1002%2fasi.24154&partnerID=40&md5=d6d47ef09c5815fc1a0921e2ccec830c,"Motivations, understandings, and experiences of open-access mega-journal authors: Results of a large-scale survey",2019,"Wakeling, Simon; Creaser, Claire; Pinfield, Stephen; Fry, Jenny; Spezi, Valérie; Willett, Peter; Paramita, Monica",,-1,-1,,-1,Journal of the Association for Information Science and Technology,journalArticle,,23301635,10.1002/asi.24154,,2019,2024-06-07 14:44:09,2024-06-07 14:44:09,,754 – 768,,7,70,,,,,,,,,,,,,,,,,Publisher: John Wiley and Sons Inc.,,,,,,,,,,,,,,,,,,,,,,,,,,,,,,,,,,,,,,,,,,,,,,,,,,,,,3ZDQABSG
https://www.scopus.com/inward/record.uri?eid=2-s2.0-85058466088&doi=10.1093%2fgigascience%2fgiy122&partnerID=40&md5=1f6d579f838b7794057b99bc986155ad,Editorial: We need to talk about authorship,2018,"Zauner, Hans; Nogoy, Nicole A.; Edmunds, Scott C.; Zhou, Hongling; Goodman, Laurie",-1,,,-1,-1,GigaScience,journalArticle,,2047217X,10.1093/gigascience/giy122,,2018,2024-06-07 14:44:11,2024-06-07 14:44:11,,,,12,7,,,,,,,,,,,,,,,,,Publisher: Oxford University Press,,,,,,,,,,,,,,,,,,,,,,,,,,,,,,,,,,,,,,,,,,,,,,,,,,,,,TNWYRE3F
https://www.scopus.com/inward/record.uri?eid=2-s2.0-85101352413&doi=10.3138%2fJSP.52.2.03&partnerID=40&md5=2a07db4f8286a035e73ed6dffa310543,An analysis of recently retracted articles by authors affiliated with hospitals in mainland China,2021,"Zhao, Tianye; Dai, Tiancong; Lun, Zhijun; Gao, Yanli",-1,-1,,,-1,Journal of Scholarly Publishing,journalArticle,,11989742,10.3138/JSP.52.2.03,,2021,2024-06-07 14:44:11,2024-06-07 14:44:11,,107 – 122,,2,52,,,,,,,,,,,,,,,,,Publisher: University of Toronto Press,,,,,,,,,,,,,,,,,,,,,,,,,,,,,,,,,,,,,,,,,,,,,,,,,,,,,YNEWIZH3
,Quid Pro Quo Authorship characteristics and implications,,,-1,,,-1,-1,,,,,,,,,,,,,,,,,,,,,,,,,,,,,,,,,,,,,,,,,,,,,,,,,,,,,,,,,,,,,,,,,,,,,,,,,,,,,,,,,,,,
,"Rise of the most excellent scholar, demise of the field: a fictional story, yet probable destiny",,,-1,,,-1,-1,,,,,,,,,,,,,,,,,,,,,,,,,,,,,,,,,,,,,,,,,,,,,,,,,,,,,,,,,,,,,,,,,,,,,,,,,,,,,,,,,,,,
,Paying reviewers and regulating the number of papers may help fix the peer-review process,,,-1,,,-1,-1,,,,,,,,,,,,,,,,,,,,,,,,,,,,,,,,,,,,,,,,,,,,,,,,,,,,,,,,,,,,,,,,,,,,,,,,,,,,,,,,,,,,
,"Who is Author? Multiple Authorships, Criteria and Guidelines",,,-1,,,-1,-1,,,,,,,,,,,,,,,,,,,,,,,,,,,,,,,,,,,,,,,,,,,,,,,,,,,,,,,,,,,,,,,,,,,,,,,,,,,,,,,,,,,,
,Nepotism in academic publishing: The elephant in the room,,,-1,,,-1,-1,,,,,,,,,,,,,,,,,,,,,,,,,,,,,,,,,,,,,,,,,,,,,,,,,,,,,,,,,,,,,,,,,,,,,,,,,,,,,,,,,,,,
,How failure to falsify in high-volume science contributes to the replication crisis,,,-1,,,-1,-1,,,,,,,,,,,,,,,,,,,,,,,,,,,,,,,,,,,,,,,,,,,,,,,,,,,,,,,,,,,,,,,,,,,,,,,,,,,,,,,,,,,,
,The “Dark Side’’ of Academics? Emerging issues in the gaming and manipulation of metrics in higher education,,,2,,,2,2,,,,,,,,,,,,,,,,,,,,,,,,,,,,,,,,,,,,,,,,,,,,,,,,,,,,,,,,,,,,,,,,,,,,,,,,,,,,,,,,,,,,
,China's Publication Bazaar,,,2,,,2,2,,,,,,,,,,,,,,,,,,,,,,,,,,,,,,,,,,,,,,,,,,,,,,,,,,,,,,,,,,,,,,,,,,,,,,,,,,,,,,,,,,,,
,Detecting anomalous citation groups in journal networks,,,-1,,,-1,-1,,,,,,,,,,,,,,,,,,,,,,,,,,,,,,,,,,,,,,,,,,,,,,,,,,,,,,,,,,,,,,,,,,,,,,,,,,,,,,,,,,,,
,Introduction: Metrics and the new ecologies of academic misconduct,,,-1,,,-1,-1,,,,,,,,,,,,,,,,,,,,,,,,,,,,,,,,,,,,,,,,,,,,,,,,,,,,,,,,,,,,,,,,,,,,,,,,,,,,,,,,,,,,
,Academe’s Unspoken Ethical Dilemma: Author Inflation in Higher Education,,,2,,,2,2,,,,,,,,,,,,,,,,,,,,,,,,,,,,,,,,,,,,,,,,,,,,,,,,,,,,,,,,,,,,,,,,,,,,,,,,,,,,,,,,,,,,